id,first_name,book_name,genre,date
1,Chelsae,Legends of the Forest,Romance,2024-09-24
2,Lavinia,The Starlight Chronicles,Fantasy,2025-03-22
3,Cecily,Mysteries of the Sea,Science Fiction,2025-05-20
4,Oona,The Enchanted Forest,Fantasy,2025-01-03
5,Baron,Mysteries of the Sea,Fantasy,2025-05-18
6,Janeen,The Emerald Isle,Mystery,2025-06-03
7,Shannon,Whispers of the Heart,Mystery,2024-11-08
8,Carmine,The Emerald Isle,Romance,2024-09-27
9,Emery,Lost in Time,Mystery,2025-07-21
10,Alvin,Whispers in the Wind,Science Fiction,2025-07-09
11,Jeramie,Whispers of the Sea,Fantasy,2025-05-13
12,Jana,Whispers of the Wind,Thriller,2025-01-23
13,Wally,The Forgotten City,Romance,2025-06-18
14,Ingra,The Forgotten City,Thriller,2025-03-27
15,Dixie,The Hidden Path,Mystery,2024-12-31
16,Orson,The Forgotten Realm,Thriller,2025-07-28
17,Jere,The Lost City,Romance,2024-10-30
18,Ewan,The Emerald Isle,Science Fiction,2024-12-02
19,Al,Dreams of the Heart,Mystery,2025-06-13
20,Claiborn,Lost in Time,Thriller,2024-10-10
21,Bari,Whispers in the Wind,Fantasy,2025-01-02
22,Frasquito,The Enchanted Forest,Science Fiction,2024-09-28
23,Isaac,Whispers of the Heart,Science Fiction,2025-07-10
24,Marten,The Starlight Chronicles,Science Fiction,2024-08-15
25,Kissiah,The Secret Garden,Thriller,2025-06-17
26,Sigfried,Echoes of the Past,Thriller,2025-06-25
27,Steffen,The Forgotten Realm,Fantasy,2024-10-17
28,Loleta,Whispers in the Wind,Science Fiction,2024-11-10
29,Jayme,Lost in Time,Romance,2025-01-25
30,Constancy,Echoes of the Past,Mystery,2025-07-13
31,King,The Midnight Garden,Romance,2024-10-31
32,Maxie,Secrets of the Shadows,Romance,2025-02-26
33,Mady,The Lost City,Thriller,2025-02-16
34,Leslie,Whispers of the Heart,Romance,2024-08-06
35,Hew,Dreams of Tomorrow,Thriller,2025-06-01
36,Yves,The Starlight Chronicles,Thriller,2025-05-14
37,Sig,The Hidden Path,Romance,2024-11-18
38,Verile,The Enchanted Forest,Science Fiction,2025-02-04
39,Kermit,Dreams of the Heart,Romance,2025-04-08
40,Fleur,Shadows of the Moon,Fantasy,2025-01-08
41,Calvin,The Emerald Isle,Science Fiction,2025-06-23
42,Josephina,The Lost City,Mystery,2025-03-12
43,Bogart,The Starlight Chronicles,Fantasy,2025-04-26
44,Vite,Echoes of the Past,Fantasy,2024-10-15
45,Daryn,Whispers of the Sea,Fantasy,2025-07-05
46,Nick,Legends of the Sky,Romance,2025-02-04
47,Ellery,Mysteries of the Night,Thriller,2025-01-09
48,Rachelle,Shadows of the Moon,Science Fiction,2024-12-08
49,Tamarah,Echoes of Eternity,Thriller,2025-04-23
50,Alastair,Shadows of the Moon,Fantasy,2025-01-10
51,Hettie,The Forgotten Realm,Romance,2025-07-11
52,Gertrudis,The Secret Garden,Thriller,2025-02-10
53,Burtie,The Enchanted River,Science Fiction,2024-08-17
54,Willa,The Lost City,Thriller,2025-03-08
55,Dunstan,Secrets of the Shadows,Fantasy,2025-02-20
56,Larisa,Lost in Time,Thriller,2024-12-05
57,Anselm,Lost in Time,Thriller,2025-01-25
58,Butch,Legends of the Sky,Mystery,2025-02-27
59,Sybille,Secrets of the Shadows,Romance,2024-10-28
60,Pavel,Shadows of the Moon,Mystery,2025-01-02
61,Meredith,Dreams of Tomorrow,Fantasy,2025-06-20
62,Brad,The Hidden Path,Thriller,2025-07-04
63,Birgit,The Enchanted Kingdom,Thriller,2024-10-11
64,Hinda,Secrets of the Shadows,Fantasy,2025-06-14
65,Danyette,Legends of the Forest,Mystery,2025-07-19
66,Alaric,The Starlight Chronicles,Romance,2024-10-20
67,Emmy,Legends of the Sky,Romance,2025-05-31
68,Dew,The Emerald Isle,Thriller,2024-08-31
69,Bord,Legends of the Forest,Mystery,2025-02-02
70,Lissie,Whispers of the Wind,Romance,2025-05-04
71,Archambault,The Crystal Caves,Fantasy,2024-12-24
72,Verene,Legends of the Forest,Mystery,2024-10-19
73,Elvyn,Echoes of the Past,Fantasy,2025-04-25
74,Ruddie,The Lost City,Thriller,2025-02-22
75,Devondra,Mysteries of the Sea,Mystery,2025-07-12
76,Nell,Secrets of the Shadows,Fantasy,2024-12-08
77,Zondra,The Secret Garden,Romance,2024-10-11
78,Javier,Dreams of the Heart,Science Fiction,2025-05-10
79,Kerwinn,The Hidden Path,Fantasy,2024-08-06
80,Laurice,The Forgotten Realm,Mystery,2025-07-22
81,Darell,The Enchanted Kingdom,Thriller,2024-11-15
82,Brigg,Whispers of the Sea,Romance,2025-03-25
83,Shepard,The Lost City,Mystery,2025-04-03
84,Harman,The Enchanted Kingdom,Mystery,2024-10-10
85,Audrie,Whispers of the Sea,Mystery,2025-07-17
86,Tobie,Shadows of the Moon,Thriller,2025-04-15
87,Janis,The Lost City,Science Fiction,2024-12-09
88,Tiffie,Whispers of the Sea,Science Fiction,2024-10-30
89,Yasmin,Echoes of the Stars,Romance,2025-04-20
90,Byrann,Shadows of the Moon,Mystery,2024-11-11
91,Andromache,The Enchanted River,Fantasy,2024-08-20
92,Brander,The Emerald Isle,Thriller,2024-09-02
93,Shaun,The Enchanted Kingdom,Science Fiction,2024-11-22
94,Bessie,The Hidden Path,Thriller,2025-06-21
95,Cristal,The Hidden Forest,Romance,2025-06-29
96,Julius,The Enchanted River,Thriller,2024-09-01
97,Julian,Mysteries of the Sea,Mystery,2024-08-09
98,Allyn,Secrets of the Shadows,Fantasy,2024-10-15
99,Kathlin,The Forgotten Realm,Thriller,2025-06-12
100,Pierette,Dreams of the Heart,Mystery,2025-07-22
101,Phip,The Enchanted River,Romance,2024-10-24
102,Astra,Mysteries of the Sea,Thriller,2025-06-06
103,Forrester,Whispers in the Wind,Thriller,2025-04-15
104,Patten,The Enchanted Forest,Romance,2025-01-02
105,Linnie,The Forgotten Realm,Mystery,2025-05-01
106,Leodora,Whispers of the Heart,Thriller,2025-07-14
107,Dore,The Emerald Isle,Thriller,2024-10-14
108,Madelle,Shadows of the Moon,Romance,2025-01-11
109,Vanna,Legends of the Forest,Romance,2025-03-17
110,Early,The Hidden Path,Romance,2025-04-03
111,Peterus,Whispers of the Sea,Romance,2025-05-31
112,Cleavland,The Hidden Path,Fantasy,2025-04-19
113,Eugenius,Secrets of the Shadows,Mystery,2024-10-12
114,Lilas,The Starlight Chronicles,Fantasy,2025-07-03
115,Thornton,Legends of the Sky,Romance,2024-12-02
116,Stephi,Secrets of the Shadows,Mystery,2025-01-12
117,Lynn,The Midnight Garden,Romance,2024-12-30
118,Janeczka,The Enchanted Forest,Thriller,2025-06-22
119,Pavel,The Lost City,Mystery,2024-08-29
120,Trumaine,The Enchanted River,Romance,2025-06-30
121,Fletch,Legends of the Sky,Romance,2024-12-18
122,June,Mysteries of the Sea,Thriller,2024-09-12
123,Johanna,Whispers of the Heart,Science Fiction,2024-09-29
124,Clemens,The Lost City,Thriller,2025-03-16
125,Laurent,Mysteries of the Sea,Mystery,2025-01-17
126,Rakel,Legends of the Sky,Fantasy,2024-10-08
127,Harlin,Shadows of the Moon,Fantasy,2025-04-15
128,Woodie,Legends of the Forest,Fantasy,2024-12-15
129,Alic,Mysteries of the Sea,Science Fiction,2024-10-12
130,Christi,Echoes of Eternity,Fantasy,2025-04-06
131,Caria,The Enchanted Kingdom,Thriller,2025-06-15
132,Harald,The Emerald Isle,Mystery,2024-11-14
133,Florance,The Crystal Caves,Thriller,2025-04-04
134,Jeniece,The Emerald Isle,Fantasy,2025-03-20
135,Alair,The Secret Garden,Romance,2025-06-12
136,Carney,The Enchanted Kingdom,Mystery,2024-08-12
137,Kath,The Lost City,Mystery,2025-08-02
138,Thorpe,Lost in Time,Science Fiction,2025-02-09
139,Nanni,Secrets of the Shadows,Romance,2024-08-13
140,Euphemia,Echoes of Eternity,Science Fiction,2025-04-08
141,Winifield,Secrets of the Shadows,Romance,2024-12-24
142,Trueman,The Enchanted Forest,Mystery,2024-09-23
143,Bobinette,The Forgotten City,Thriller,2024-09-10
144,Noella,Mysteries of the Night,Science Fiction,2024-10-07
145,Gunner,Echoes of the Stars,Science Fiction,2025-02-07
146,Marybelle,Echoes of the Stars,Romance,2024-09-30
147,Othelia,The Enchanted River,Romance,2025-06-14
148,Ransell,The Hidden Path,Science Fiction,2025-02-03
149,Bertine,Shadows of the Moon,Romance,2024-12-03
150,Sylvester,The Enchanted River,Mystery,2025-07-14
151,Poppy,Echoes of the Past,Fantasy,2025-07-12
152,Kalvin,Whispers in the Wind,Thriller,2025-04-26
153,Burke,Whispers of the Heart,Romance,2025-06-17
154,Nerty,Legends of the Sky,Mystery,2025-06-15
155,Gisella,Echoes of the Past,Fantasy,2025-03-21
156,Carmelita,Whispers in the Wind,Romance,2025-02-18
157,Jen,The Forgotten City,Thriller,2025-05-30
158,Shelley,The Secret Garden,Mystery,2024-11-20
159,Arman,Echoes of the Stars,Thriller,2024-11-24
160,Artur,Whispers of the Wind,Romance,2025-04-29
161,Darlleen,The Lost City,Romance,2025-02-10
162,Kitty,The Starlight Chronicles,Science Fiction,2025-07-02
163,Darelle,The Hidden Forest,Thriller,2025-02-25
164,Blinny,Mysteries of the Sea,Thriller,2025-06-24
165,Gottfried,The Forgotten Realm,Romance,2024-08-20
166,Dru,Echoes of the Past,Thriller,2025-01-03
167,Ulrick,The Lost City,Romance,2024-08-18
168,Baillie,Lost in Time,Fantasy,2025-01-12
169,Jeth,Shadows of the Moon,Thriller,2025-05-01
170,Cassandry,Secrets of the Shadows,Thriller,2025-03-08
171,Belicia,The Lost City,Science Fiction,2025-02-06
172,Phelia,Echoes of the Stars,Romance,2024-11-08
173,Allegra,The Enchanted Forest,Fantasy,2024-09-08
174,Llewellyn,Mysteries of the Sea,Mystery,2025-02-16
175,Pen,The Crystal Caves,Thriller,2025-07-04
176,Heidi,Whispers of the Wind,Fantasy,2025-07-22
177,Eleonora,The Midnight Garden,Science Fiction,2025-07-19
178,Jakie,The Midnight Garden,Romance,2024-12-16
179,Quent,Whispers of the Wind,Science Fiction,2025-02-13
180,Bentlee,Shadows of the Moon,Fantasy,2025-05-10
181,Gran,Echoes of Eternity,Thriller,2025-06-24
182,Seamus,The Forgotten Realm,Thriller,2025-03-21
183,Brandyn,The Forgotten Realm,Romance,2024-10-01
184,Tynan,The Enchanted Kingdom,Mystery,2025-02-26
185,Lowell,The Enchanted Forest,Science Fiction,2025-03-24
186,Huberto,The Starlight Chronicles,Science Fiction,2025-03-26
187,Jeremias,The Enchanted Kingdom,Science Fiction,2025-05-11
188,Ryun,Mysteries of the Night,Romance,2025-06-25
189,Franky,Legends of the Forest,Mystery,2024-09-08
190,Hiram,Whispers of the Wind,Fantasy,2024-08-04
191,Edsel,Lost in Time,Mystery,2024-11-24
192,Remy,The Lost City,Thriller,2024-09-06
193,Sergei,Legends of the Forest,Mystery,2024-08-29
194,Bertha,Whispers in the Wind,Mystery,2024-08-12
195,Engelbert,The Forgotten Realm,Science Fiction,2024-12-29
196,Mitchel,The Hidden Forest,Romance,2025-02-03
197,Janifer,The Forgotten City,Mystery,2025-06-21
198,Melody,The Emerald Isle,Romance,2025-03-07
199,Roma,Shadows of the Moon,Romance,2025-04-23
200,Mireielle,The Emerald Isle,Science Fiction,2024-09-08
201,Rianon,Whispers of the Wind,Fantasy,2025-02-27
202,Claudetta,Legends of the Forest,Fantasy,2025-03-01
203,Melody,The Lost City,Science Fiction,2025-07-24
204,Francois,Echoes of the Stars,Fantasy,2025-07-12
205,Sherwin,The Lost City,Romance,2024-12-20
206,Tanner,Lost in Time,Mystery,2024-09-12
207,Carry,The Forgotten Realm,Romance,2025-05-22
208,Hestia,Whispers of the Wind,Science Fiction,2025-03-25
209,Theda,Dreams of the Heart,Science Fiction,2025-01-06
210,Tomas,The Emerald Isle,Romance,2024-11-09
211,Konstantine,Whispers in the Wind,Thriller,2025-01-01
212,Bliss,Echoes of the Stars,Mystery,2024-12-15
213,Hyacinthe,Shadows of the Moon,Romance,2025-06-23
214,Tony,The Hidden Forest,Fantasy,2025-05-14
215,Luelle,The Enchanted River,Thriller,2025-08-01
216,Fifi,Secrets of the Shadows,Romance,2024-10-02
217,Hester,Mysteries of the Sea,Science Fiction,2024-12-25
218,Chevalier,Whispers in the Wind,Fantasy,2025-01-29
219,Waring,The Enchanted Forest,Romance,2024-08-28
220,Kikelia,The Enchanted River,Romance,2024-12-17
221,Hunter,The Crystal Caves,Science Fiction,2025-03-19
222,Jayme,Echoes of the Past,Fantasy,2025-01-20
223,Prescott,The Emerald Isle,Romance,2025-07-30
224,Ethan,The Enchanted Kingdom,Romance,2025-01-07
225,Lona,Shadows of the Moon,Mystery,2024-10-10
226,Clifford,Whispers of the Wind,Thriller,2024-11-04
227,Maisie,Whispers of the Wind,Fantasy,2025-03-04
228,Cesaro,The Starlight Chronicles,Fantasy,2024-10-01
229,Eugen,The Enchanted Forest,Fantasy,2024-12-24
230,Latashia,Secrets of the Shadows,Romance,2025-06-25
231,Boycie,The Forgotten City,Thriller,2024-10-12
232,Wolfy,The Lost City,Science Fiction,2025-07-16
233,Valerie,Echoes of the Stars,Science Fiction,2024-08-27
234,Hillyer,The Starlight Chronicles,Romance,2025-03-19
235,Danie,The Enchanted River,Mystery,2025-04-29
236,Melba,The Hidden Forest,Mystery,2025-01-13
237,Andrea,Echoes of the Stars,Fantasy,2025-02-04
238,Wiatt,The Midnight Garden,Fantasy,2024-09-23
239,Giulio,The Hidden Path,Mystery,2024-08-16
240,Freddi,Legends of the Sky,Mystery,2025-04-09
241,Abie,Lost in Time,Mystery,2024-11-18
242,Melodee,Echoes of Eternity,Fantasy,2024-11-07
243,Padgett,The Crystal Caves,Thriller,2024-08-31
244,Dede,The Forgotten City,Romance,2024-12-13
245,Michele,The Crystal Caves,Romance,2025-07-31
246,Salomone,The Hidden Path,Science Fiction,2025-07-14
247,Massimo,Mysteries of the Night,Science Fiction,2024-09-04
248,Brit,The Enchanted Kingdom,Fantasy,2024-09-18
249,Pia,The Forgotten Realm,Romance,2025-06-18
250,Corly,Dreams of Tomorrow,Science Fiction,2024-08-04
251,Myrna,Echoes of the Past,Science Fiction,2024-10-11
252,Therese,The Lost City,Fantasy,2025-01-09
253,Bevvy,The Forgotten City,Mystery,2025-01-15
254,Selma,The Emerald Isle,Thriller,2025-03-29
255,Murielle,Echoes of Eternity,Romance,2024-12-13
256,Quinn,The Enchanted Kingdom,Romance,2024-11-30
257,Zulema,The Emerald Isle,Science Fiction,2025-01-09
258,Terencio,Echoes of the Past,Romance,2024-10-02
259,Jerrold,Dreams of Tomorrow,Thriller,2024-11-29
260,Cyndi,The Enchanted River,Science Fiction,2025-07-17
261,Robbert,Whispers of the Wind,Fantasy,2024-09-23
262,Isak,Whispers of the Wind,Romance,2024-10-15
263,Ikey,The Crystal Caves,Fantasy,2024-09-17
264,Arlina,Legends of the Forest,Thriller,2025-07-24
265,Rodolphe,The Midnight Garden,Romance,2025-05-11
266,Manolo,The Starlight Chronicles,Science Fiction,2025-04-06
267,Ogden,Legends of the Sky,Fantasy,2025-02-17
268,Shem,The Forgotten City,Fantasy,2024-10-23
269,Kathlin,The Hidden Forest,Romance,2024-08-07
270,Andromache,Mysteries of the Sea,Fantasy,2025-05-11
271,Ray,Whispers of the Heart,Science Fiction,2024-12-23
272,Cleopatra,Whispers of the Heart,Science Fiction,2025-01-19
273,Flossi,The Emerald Isle,Romance,2025-04-18
274,Nikki,The Hidden Forest,Romance,2024-12-15
275,Valaree,The Secret Garden,Romance,2024-10-15
276,Max,Echoes of the Stars,Romance,2024-09-22
277,Freddy,The Forgotten Realm,Thriller,2025-05-12
278,Lavinie,The Enchanted Kingdom,Fantasy,2025-04-29
279,Beulah,Whispers of the Heart,Mystery,2024-10-05
280,Tedd,Whispers in the Wind,Science Fiction,2025-06-30
281,Mair,Shadows of the Moon,Mystery,2025-04-13
282,Inglis,Mysteries of the Night,Romance,2024-12-09
283,Leopold,Echoes of Eternity,Thriller,2024-12-07
284,Kamila,Echoes of the Past,Mystery,2025-05-14
285,Eberhard,The Enchanted River,Mystery,2025-03-24
286,Langsdon,Secrets of the Shadows,Mystery,2025-03-10
287,Jolyn,Legends of the Sky,Science Fiction,2025-07-16
288,Farley,The Emerald Isle,Fantasy,2025-03-06
289,Aylmer,The Hidden Forest,Romance,2024-09-29
290,Diane-marie,Dreams of the Heart,Thriller,2024-10-18
291,Ardyth,Echoes of Eternity,Thriller,2025-06-06
292,Merry,Whispers of the Wind,Romance,2025-04-09
293,Felipa,The Enchanted River,Mystery,2024-08-14
294,Ramon,The Forgotten City,Thriller,2025-07-25
295,Vic,The Lost City,Fantasy,2025-01-26
296,Catlaina,Whispers of the Sea,Romance,2025-01-26
297,Brooks,The Starlight Chronicles,Science Fiction,2024-11-08
298,Todd,Dreams of Tomorrow,Fantasy,2025-01-27
299,Moses,The Midnight Garden,Mystery,2024-10-25
300,Terrell,Lost in Time,Science Fiction,2024-09-08
301,Ardyth,The Midnight Garden,Fantasy,2025-03-01
302,Marvin,Echoes of the Past,Romance,2025-02-10
303,Norbie,The Crystal Caves,Mystery,2024-10-28
304,Ed,The Forgotten Realm,Romance,2024-11-14
305,Garey,The Lost City,Thriller,2025-06-09
306,Fredek,The Emerald Isle,Thriller,2025-05-25
307,Lois,The Hidden Forest,Science Fiction,2025-05-31
308,Tore,The Starlight Chronicles,Thriller,2025-03-06
309,Esther,Whispers of the Sea,Thriller,2024-11-28
310,Flss,Mysteries of the Night,Thriller,2024-08-29
311,William,The Hidden Path,Science Fiction,2025-01-01
312,Donna,Echoes of the Stars,Thriller,2025-06-19
313,Holly,Mysteries of the Sea,Fantasy,2025-06-14
314,Perle,Whispers of the Heart,Romance,2025-07-28
315,Adolpho,The Hidden Forest,Romance,2025-05-02
316,Dave,Secrets of the Shadows,Romance,2025-03-01
317,Armando,The Enchanted River,Romance,2024-10-08
318,Giraud,Whispers in the Wind,Romance,2024-09-27
319,Nora,Lost in Time,Romance,2025-02-16
320,Deeann,Legends of the Sky,Romance,2024-09-15
321,Anet,The Secret Garden,Fantasy,2024-12-29
322,Bill,The Enchanted River,Science Fiction,2024-11-24
323,Grange,Dreams of the Heart,Mystery,2025-06-07
324,Howard,The Crystal Caves,Mystery,2025-06-23
325,Stephi,Lost in Time,Science Fiction,2024-09-29
326,Rafael,Whispers of the Heart,Romance,2025-06-16
327,Michael,Dreams of the Heart,Thriller,2024-12-06
328,Jerald,The Lost City,Mystery,2025-03-24
329,Edik,Echoes of the Past,Science Fiction,2024-11-26
330,Robby,Dreams of Tomorrow,Mystery,2025-01-27
331,Ursuline,Mysteries of the Sea,Fantasy,2025-06-19
332,Vaughan,The Enchanted Kingdom,Thriller,2025-01-27
333,Alvie,The Enchanted Kingdom,Thriller,2024-11-10
334,Kelwin,Echoes of the Past,Thriller,2025-03-18
335,Alyce,Dreams of Tomorrow,Fantasy,2024-12-02
336,Krissy,The Enchanted River,Thriller,2025-01-25
337,Merle,The Enchanted Kingdom,Science Fiction,2025-06-23
338,Maison,Dreams of Tomorrow,Science Fiction,2025-05-20
339,Bill,Whispers of the Wind,Romance,2025-02-21
340,Harriett,Whispers of the Heart,Thriller,2024-12-22
341,Dee dee,Legends of the Forest,Thriller,2025-03-13
342,Tad,The Forgotten City,Romance,2025-03-07
343,Sullivan,The Enchanted Kingdom,Science Fiction,2024-12-30
344,Cheslie,Legends of the Forest,Thriller,2024-09-09
345,Doroteya,The Hidden Forest,Mystery,2025-03-18
346,Adelle,Whispers of the Wind,Romance,2025-03-05
347,Cynthie,The Forgotten City,Fantasy,2025-07-17
348,Madeline,Dreams of the Heart,Thriller,2025-03-27
349,Claudine,Whispers in the Wind,Thriller,2024-08-12
350,Elfie,The Enchanted Forest,Romance,2025-06-28
351,Kelila,Whispers in the Wind,Fantasy,2024-10-06
352,Udell,Whispers of the Heart,Romance,2025-05-08
353,Darius,Whispers of the Sea,Mystery,2024-11-24
354,Galvin,Whispers of the Heart,Science Fiction,2024-11-05
355,Tammie,Whispers of the Heart,Fantasy,2025-01-24
356,Winna,Shadows of the Moon,Science Fiction,2024-09-01
357,Madel,Dreams of Tomorrow,Fantasy,2025-02-08
358,Georas,The Crystal Caves,Thriller,2024-11-12
359,Ingeberg,Lost in Time,Fantasy,2024-12-17
360,Manda,Mysteries of the Night,Romance,2025-07-11
361,Lydia,The Forgotten City,Mystery,2025-03-22
362,Maison,Whispers in the Wind,Fantasy,2025-04-15
363,Chad,Shadows of the Moon,Thriller,2024-08-19
364,Fernando,Dreams of the Heart,Thriller,2025-07-03
365,Franciskus,The Enchanted River,Thriller,2025-07-06
366,Gerrilee,The Enchanted Kingdom,Romance,2025-06-21
367,Sutherland,The Crystal Caves,Fantasy,2024-10-22
368,Avril,Secrets of the Shadows,Thriller,2025-05-15
369,Debee,The Emerald Isle,Mystery,2025-06-29
370,Zulema,The Enchanted Forest,Fantasy,2025-06-28
371,Bartholemy,The Enchanted Forest,Romance,2024-09-14
372,Allys,Secrets of the Shadows,Fantasy,2025-05-06
373,Wilone,The Hidden Path,Science Fiction,2025-05-15
374,Colan,Echoes of the Stars,Fantasy,2025-01-30
375,Lorrie,The Emerald Isle,Romance,2024-12-10
376,Essa,The Enchanted Forest,Romance,2024-08-14
377,Ralina,The Secret Garden,Romance,2024-12-25
378,Cordey,The Secret Garden,Fantasy,2025-06-24
379,Gertrude,Whispers in the Wind,Fantasy,2024-12-25
380,Mina,The Hidden Path,Thriller,2025-02-08
381,Aveline,The Secret Garden,Science Fiction,2025-04-24
382,Jaine,The Enchanted Kingdom,Fantasy,2025-05-13
383,Sharona,Echoes of the Stars,Romance,2025-02-01
384,Sebastien,The Lost City,Romance,2025-05-03
385,Delmore,Echoes of Eternity,Romance,2024-10-29
386,Alva,Whispers of the Wind,Romance,2025-03-23
387,Valentia,The Forgotten City,Fantasy,2025-08-03
388,Yves,The Midnight Garden,Romance,2025-03-09
389,Jorrie,Dreams of the Heart,Thriller,2025-05-25
390,Valentine,The Lost City,Romance,2025-06-02
391,Stace,The Midnight Garden,Mystery,2025-04-20
392,Sephira,Dreams of the Heart,Fantasy,2024-09-16
393,Isidore,Mysteries of the Night,Science Fiction,2025-04-24
394,Tris,Whispers in the Wind,Science Fiction,2025-04-07
395,Arlina,The Lost City,Fantasy,2025-02-26
396,Muriel,Legends of the Forest,Fantasy,2025-07-04
397,Tasia,Lost in Time,Romance,2025-05-22
398,Russ,Mysteries of the Sea,Mystery,2025-02-16
399,Rachael,Whispers of the Wind,Romance,2025-07-07
400,Kort,The Midnight Garden,Mystery,2025-04-12
401,Heida,Whispers of the Wind,Thriller,2025-05-02
402,Binni,The Hidden Forest,Romance,2025-02-20
403,Christian,Whispers in the Wind,Thriller,2025-05-02
404,Marielle,Whispers of the Sea,Fantasy,2024-12-31
405,Katya,Legends of the Sky,Romance,2025-04-01
406,Zollie,The Lost City,Thriller,2024-10-12
407,Ali,The Crystal Caves,Fantasy,2024-10-01
408,Care,The Hidden Path,Mystery,2025-01-17
409,Kassey,Dreams of Tomorrow,Romance,2024-09-24
410,Winfield,The Hidden Forest,Science Fiction,2024-12-06
411,Law,Legends of the Sky,Fantasy,2025-04-03
412,Jeni,Whispers in the Wind,Mystery,2025-06-02
413,Asher,The Enchanted Kingdom,Science Fiction,2025-06-15
414,Audy,Whispers of the Heart,Romance,2025-06-23
415,Bryant,The Lost City,Thriller,2025-04-25
416,Priscilla,The Enchanted River,Romance,2025-04-16
417,Derk,The Crystal Caves,Fantasy,2024-12-14
418,Constantia,The Enchanted Kingdom,Mystery,2025-01-21
419,Lothaire,Lost in Time,Fantasy,2025-06-05
420,Francoise,Lost in Time,Mystery,2024-08-12
421,Stephie,The Emerald Isle,Thriller,2024-08-04
422,Anabelle,Whispers of the Heart,Thriller,2025-07-11
423,Torrance,The Hidden Path,Fantasy,2025-01-27
424,Yorgos,Whispers of the Heart,Thriller,2025-05-26
425,Mano,Lost in Time,Romance,2025-04-18
426,Jedidiah,Echoes of Eternity,Mystery,2024-08-19
427,Annis,The Crystal Caves,Mystery,2025-01-07
428,Karola,Echoes of the Stars,Science Fiction,2024-09-05
429,Karlotta,The Enchanted Kingdom,Thriller,2025-04-03
430,Loella,The Lost City,Thriller,2025-04-06
431,Kassi,Whispers in the Wind,Fantasy,2024-09-08
432,Margarita,Whispers of the Wind,Thriller,2025-04-30
433,Caleb,Mysteries of the Sea,Science Fiction,2025-07-29
434,Viviana,The Hidden Path,Science Fiction,2025-07-22
435,Kayla,Secrets of the Shadows,Thriller,2025-06-26
436,Kean,The Enchanted Kingdom,Mystery,2025-02-05
437,Lenci,Legends of the Forest,Romance,2025-03-25
438,Codee,Echoes of Eternity,Thriller,2025-04-25
439,Kerianne,Echoes of Eternity,Science Fiction,2025-05-31
440,Hart,The Hidden Forest,Fantasy,2025-06-05
441,Eduardo,The Lost City,Thriller,2024-11-08
442,Arte,The Enchanted Kingdom,Fantasy,2024-10-17
443,Markos,Whispers in the Wind,Fantasy,2025-07-11
444,Celesta,Legends of the Sky,Mystery,2025-05-16
445,Ailbert,The Secret Garden,Fantasy,2025-03-27
446,Richie,Whispers of the Wind,Romance,2025-07-24
447,Conni,Shadows of the Moon,Science Fiction,2024-11-22
448,Thorsten,The Hidden Path,Fantasy,2025-01-30
449,Eamon,Whispers in the Wind,Thriller,2024-09-22
450,Wald,Shadows of the Moon,Romance,2025-05-31
451,Giovanna,Dreams of the Heart,Romance,2024-10-19
452,Nixie,The Secret Garden,Mystery,2025-01-14
453,Jeremie,The Lost City,Fantasy,2025-05-20
454,Philly,Whispers in the Wind,Science Fiction,2024-10-23
455,Herc,The Lost City,Thriller,2025-02-20
456,Georgiana,Shadows of the Moon,Mystery,2025-03-24
457,Charmaine,The Secret Garden,Fantasy,2024-09-15
458,Antin,The Lost City,Fantasy,2024-08-08
459,Tobi,Lost in Time,Romance,2025-01-01
460,Patrizia,Dreams of Tomorrow,Science Fiction,2024-09-19
461,Anet,The Secret Garden,Romance,2024-11-29
462,Wenona,Dreams of the Heart,Mystery,2024-10-14
463,Sher,The Hidden Forest,Science Fiction,2025-01-04
464,Lorant,Whispers of the Wind,Fantasy,2025-05-08
465,Dacia,Legends of the Sky,Thriller,2024-09-02
466,Lilith,The Crystal Caves,Mystery,2025-06-05
467,Penny,The Enchanted River,Mystery,2025-06-07
468,Thornie,Mysteries of the Sea,Mystery,2025-03-10
469,Ernie,The Emerald Isle,Thriller,2025-03-06
470,Byran,Whispers in the Wind,Mystery,2025-07-13
471,Morris,The Enchanted Forest,Thriller,2024-11-18
472,Sapphire,Whispers of the Heart,Romance,2025-05-20
473,Gigi,Whispers of the Sea,Romance,2025-02-20
474,Lauren,Legends of the Forest,Thriller,2025-01-16
475,Uta,The Enchanted River,Romance,2025-02-06
476,Dwight,Dreams of Tomorrow,Thriller,2024-08-27
477,Mason,The Enchanted River,Romance,2025-06-30
478,Pauly,The Forgotten City,Thriller,2024-08-24
479,Quill,The Lost City,Thriller,2024-09-15
480,Odell,Whispers in the Wind,Science Fiction,2025-05-19
481,Nert,Echoes of the Past,Mystery,2025-04-25
482,Bobinette,The Crystal Caves,Thriller,2024-12-11
483,Stacy,The Midnight Garden,Science Fiction,2025-01-04
484,Carmencita,Shadows of the Moon,Science Fiction,2025-07-08
485,Teddi,The Hidden Path,Thriller,2025-05-08
486,Ferdinande,The Enchanted River,Thriller,2025-03-10
487,Benjy,Shadows of the Moon,Mystery,2025-05-27
488,Ancell,Shadows of the Moon,Mystery,2025-06-08
489,Horton,Legends of the Sky,Fantasy,2025-06-29
490,Jennine,Lost in Time,Mystery,2025-06-23
491,Cordy,The Midnight Garden,Mystery,2025-04-15
492,Maurizio,Mysteries of the Sea,Science Fiction,2025-06-11
493,Raven,The Hidden Path,Thriller,2024-11-03
494,Hamish,Whispers in the Wind,Thriller,2025-03-15
495,Jorie,The Emerald Isle,Science Fiction,2025-06-06
496,Rolando,The Midnight Garden,Thriller,2025-02-11
497,Brice,Whispers of the Heart,Fantasy,2025-06-23
498,Frayda,The Enchanted River,Thriller,2024-12-14
499,Harman,The Forgotten City,Science Fiction,2024-11-04
500,Sheffield,The Lost City,Fantasy,2025-04-24
